{"DOD":[0,0.2,0.4,0.6,0.8,1,1.2,1.4,1.6,1.8,2,2.2,2.4,2.6,2.8,3,3.2,3.4,3.6,3.8,4,4.2,4.4,4.6,4.8,5,5.2,5.4,5.6,5.8,6,6.2,6.4,6.6,6.8,7,7.2,7.4,7.6,7.8,8,8.2,8.4,8.6,8.8,9,9.2,9.4,9.6,9.8,10,10.2,10.4,10.6,10.8,11,11.2,11.4,11.6,11.8,12,12.2,12.4,12.6,12.8,13,13.2,13.4,13.6,13.8,14,14.2,14.4,14.6,14.8,15,15.2,15.4,15.6,15.8,16,16.2,16.4,16.6,16.8,17,17.2,17.4,17.6,17.8,18,18.2,18.4,18.6,18.8,19,19.2,19.4,19.6,19.8,20,20.2,20.4,20.6,20.8,21,21.2,21.4,21.6,21.8,22,22.2,22.4,22.6,22.8,23,23.2,23.4,23.6,23.8,24,24.2,24.4,24.6,24.8,25,25.2,25.4,25.6,25.8,26,26.2,26.4,26.6,26.8,27,27.2,27.4,27.6,27.8,28,28.2,28.4,28.6,28.8,29,29.2,29.4,29.6,29.8,30,30.2,30.4,30.6,30.8,31,31.2,31.4,31.6,31.8,32,32.2,32.4,32.6,32.8,33,33.2,33.4,33.6,33.8,34,34.2,34.4,34.6,34.8,35,35.2,35.4,35.6,35.8,36,36.2,36.4,36.6,36.8,37,37.2,37.4,37.6,37.8,38,38.2,38.4,38.6,38.8,39,39.2,39.4,39.6,39.8,40,40.2,40.4,40.6,40.8,41,41.2,41.4,41.6,41.8,42,42.2,42.4,42.6,42.8,43,43.2,43.4,43.6,43.8,44,44.2,44.4,44.6,44.8,45,45.2,45.4,45.6,45.8,46,46.2,46.4,46.6,46.8,47,47.2,47.4,47.6,47.8,48,48.2,48.4,48.6,48.8,49,49.2,49.4,49.6,49.8,50,50.2,50.4,50.6,50.8,51,51.2,51.4,51.6,51.8,52,52.2,52.4,52.6,52.8,53,53.2,53.4,53.6,53.8,54,54.2,54.4,54.6,54.8,55,55.2,55.4,55.6,55.8,56,56.2,56.4,56.6,56.8,57,57.2,57.4,57.6,57.8,58,58.2,58.4,58.6,58.8,59,59.2,59.4,59.6,59.8,60,60.2,60.4,60.6,60.8,61,61.2,61.4,61.6,61.8,62,62.2,62.4,62.6,62.8,63,63.2,63.4,63.6,63.8,64,64.2,64.4,64.6,64.8,65,65.2,65.4,65.6,65.8,66,66.2,66.4,66.6,66.8,67,67.2,67.4,67.6,67.8,68,68.2,68.4,68.6,68.8,69,69.2,69.4,69.6,69.8,70,70.2,70.4,70.6,70.8,71,71.2,71.4,71.6,71.8,72,72.2,72.4,72.6,72.8,73,73.2,73.4,73.6,73.8,74,74.2,74.4,74.6,74.8,75,75.2,75.4,75.6,75.8,76,76.2,76.4,76.6,76.8,77,77.2,77.4,77.6,77.8,78,78.2,78.4,78.6,78.8,79,79.2,79.4,79.6,79.80248,80.00496,80.20744,80.40992,80.6124,80.81488,81.01736,81.21984,81.42232,81.6248,81.82728,82.02976,82.23224,82.43472,82.6372,82.83968,83.04216,83.24464,83.44712,83.6496,83.85208,84.05456,84.25704,84.45952,84.662,84.86448,85.06696,85.26944,85.47192,85.6744,85.87688,86.07936,86.28184,86.48432,86.6868,86.88928,87.09176,87.29424,87.49672,87.6992,87.90168,88.10416,88.30664,88.50912,88.7116,88.91408,89.11656,89.31904,89.52152,89.724,89.92648,90.12896, 100],
  "BD":[0.0,0.00001147,0.0000116,0.00001173,0.00001185,0.00001198,0.00001211,0.00001223,0.00001236,0.00001249,0.00001261,0.00001274,0.00001287,0.00001299,0.00001312,0.00001325,0.00001337,0.0000135,0.00001362,0.00001375,0.00001388,0.000014,0.00001413,0.00001426,0.00001438,0.00001451,0.00001464,0.00001476,0.00001489,0.00001502,0.00001514,0.00001527,0.0000154,0.00001552,0.00001565,0.00001578,0.0000159,0.00001603,0.00001615,0.00001628,0.00001641,0.00001653,0.00001666,0.00001679,0.00001691,0.00001704,0.00001717,0.00001729,0.00001742,0.00001755,0.00001767,0.0000178,0.00001793,0.00001805,0.00001818,0.00001831,0.00001843,0.00001856,0.00001868,0.00001881,0.00001894,0.00001906,0.00001919,0.00001932,0.00001944,0.00001957,0.0000197,0.00001982,0.00001995,0.00002008,0.0000202,0.00002033,0.00002046,0.00002058,0.00002071,0.00002084,0.00002096,0.00002109,0.00002121,0.00002134,0.00002147,0.00002159,0.00002172,0.00002185,0.00002197,0.0000221,0.00002223,0.00002235,0.00002248,0.00002261,0.00002278,0.00002309,0.00002339,0.00002369,0.00002399,0.0000243,0.0000246,0.0000249,0.0000252,0.00002551,0.00002581,0.00002611,0.00002641,0.00002672,0.00002702,0.00002732,0.00002762,0.00002793,0.00002823,0.00002853,0.00002883,0.00002913,0.00002944,0.00002974,0.00003004,0.00003034,0.00003065,0.00003095,0.00003125,0.00003155,0.00003186,0.00003216,0.00003246,0.00003276,0.00003307,0.00003337,0.00003367,0.00003397,0.00003428,0.00003458,0.00003488,0.00003518,0.00003548,0.00003579,0.00003609,0.00003639,0.00003669,0.000037,0.0000373,0.0000376,0.0000379,0.00003821,0.00003851,0.00003881,0.00003911,0.00003942,0.00003972,0.00004002,0.00004032,0.00004062,0.00004093,0.00004123,0.00004153,0.00004183,0.00004214,0.00004244,0.00004274,0.00004304,0.00004335,0.00004365,0.00004395,0.00004425,0.00004456,0.00004486,0.00004516,0.00004552,0.00004605,0.00004658,0.00004711,0.00004765,0.00004818,0.00004871,0.00004924,0.00004978,0.00005031,0.00005084,0.00005137,0.0000519,0.00005244,0.00005297,0.0000535,0.00005403,0.00005457,0.0000551,0.00005563,0.00005616,0.00005669,0.00005723,0.00005776,0.00005829,0.00005882,0.00005936,0.00005989,0.00006042,0.00006095,0.00006148,0.00006202,0.00006255,0.00006308,0.00006361,0.00006414,0.00006468,0.00006521,0.00006574,0.00006627,0.00006681,0.00006734,0.00006787,0.0000684,0.00006893,0.00006947,0.00007,0.00007053,0.00007106,0.0000716,0.00007213,0.00007266,0.00007319,0.00007372,0.00007426,0.00007479,0.00007532,0.00007585,0.00007639,0.00007692,0.00007745,0.00007798,0.00007851,0.00007905,0.00007958,0.00008011,0.00008064,0.00008118,0.00008171,0.00008224,0.00008277,0.0000833,0.00008384,0.00008437,0.0000849,0.00008543,0.00008597,0.0000865,0.00008703,0.00008756,0.00008809,0.00008863,0.00008916,0.00008969,0.00009022,0.00009076,0.00009129,0.00009182,0.00009235,0.00009288,0.00009342,0.00009449,0.00009588,0.00009728,0.00009868,0.00010007,0.00010147,0.00010286,0.00010426,0.00010566,0.00010705,0.00010845,0.00010985,0.00011124,0.00011264,0.00011404,0.00011543,0.00011683,0.00011822,0.00011962,0.00012102,0.00012241,0.00012381,0.00012521,0.0001266,0.000128,0.0001294,0.00013079,0.00013219,0.00013358,0.00013498,0.00013638,0.00013777,0.00013917,0.00014057,0.00014196,0.00014336,0.00014476,0.00014615,0.00014755,0.00014895,0.00015034,0.00015174,0.00015313,0.00015453,0.00015593,0.00015732,0.00015872,0.00016012,0.00016151,0.00016291,0.00016431,0.0001657,0.0001671,0.00016849,0.00016989,0.00017129,0.00017268,0.00017408,0.00017548,0.00017687,0.00017827,0.00017967,0.00018106,0.00018246,0.00018385,0.00018525,0.00018665,0.00018804,0.00018944,0.00019084,0.00019223,0.00019363,0.00019503,0.00019642,0.00019782,0.00019921,0.00020061,0.00020201,0.0002034,0.0002048,0.0002062,0.00020759,0.00020899,0.00021076,0.00021328,0.00021581,0.00021834,0.00022086,0.00022339,0.00022592,0.00022845,0.00023097,0.0002335,0.00023603,0.00023855,0.00024108,0.00024361,0.00024614,0.00024866,0.00025119,0.00025372,0.00025624,0.00025877,0.0002613,0.00026383,0.00026635,0.00026888,0.00027141,0.00027393,0.00027646,0.00027899,0.00028152,0.00028404,0.00028657,0.0002891,0.00029162,0.00029415,0.00029668,0.00029921,0.00030173,0.00030426,0.00030679,0.00030931,0.00031184,0.00031437,0.00031689,0.00031942,0.00032195,0.00032448,0.000327,0.00032953,0.00033206,0.00033458,0.00033711,0.00033964,0.00034217,0.00034469,0.00034722,0.00034975,0.00035227,0.0003548,0.00035733,0.00035986,0.0003624608,0.0003650616,0.0003676624,0.0003702632,0.000372864,0.0003754648,0.0003780656,0.0003806664,0.0003832672,0.000385868,0.0003884688,0.0003910696,0.0003936704,0.0003962712,0.000398872,0.0004014728,0.0004040736,0.0004066744,0.0004092752,0.000411876,0.0004144768,0.0004170776,0.0004196784,0.0004222792,0.00042488,0.0004274808,0.0004300816,0.0004326824,0.0004352832,0.000437884,0.0004404848,0.0004430856,0.0004456864,0.0004482872,0.000450888,0.0004534888,0.0004560896,0.0004586904,0.0004612912,0.000463892,0.0004664928,0.0004690936,0.0004716944,0.0004742952,0.000476896,0.0004794968,0.0004820976,0.0004846984,0.0004872992,0.0004899,0.0004925008,0.0004951016,0.0007]}

